<xml xmlns:o="urn:schemas-microsoft-com:office:office">
 <o:MainFile HRef="../no_footnote.htm"/>
 <o:File HRef="themedata.thmx"/>
 <o:File HRef="colorschememapping.xml"/>
 <o:File HRef="image001.png"/>
 <o:File HRef="image002.png"/>
 <o:File HRef="image003.png"/>
 <o:File HRef="image004.png"/>
 <o:File HRef="image005.jpg"/>
 <o:File HRef="image006.png"/>
 <o:File HRef="image007.png"/>
 <o:File HRef="image008.png"/>
 <o:File HRef="image009.png"/>
 <o:File HRef="image010.png"/>
 <o:File HRef="image011.png"/>
 <o:File HRef="image012.png"/>
 <o:File HRef="image013.png"/>
 <o:File HRef="image014.png"/>
 <o:File HRef="image015.png"/>
 <o:File HRef="image016.png"/>
 <o:File HRef="image017.png"/>
 <o:File HRef="image018.png"/>
 <o:File HRef="image019.png"/>
 <o:File HRef="image020.png"/>
 <o:File HRef="image021.png"/>
 <o:File HRef="image022.png"/>
 <o:File HRef="image023.png"/>
 <o:File HRef="image024.png"/>
 <o:File HRef="image025.png"/>
 <o:File HRef="image026.png"/>
 <o:File HRef="image027.png"/>
 <o:File HRef="image028.png"/>
 <o:File HRef="image029.png"/>
 <o:File HRef="image030.png"/>
 <o:File HRef="image031.png"/>
 <o:File HRef="image032.png"/>
 <o:File HRef="image033.png"/>
 <o:File HRef="image034.png"/>
 <o:File HRef="image035.png"/>
 <o:File HRef="image036.png"/>
 <o:File HRef="image037.png"/>
 <o:File HRef="image038.png"/>
 <o:File HRef="image039.png"/>
 <o:File HRef="image040.png"/>
 <o:File HRef="image041.png"/>
 <o:File HRef="image042.png"/>
 <o:File HRef="image043.png"/>
 <o:File HRef="image044.png"/>
 <o:File HRef="image045.png"/>
 <o:File HRef="image046.png"/>
 <o:File HRef="image047.png"/>
 <o:File HRef="image048.png"/>
 <o:File HRef="image049.png"/>
 <o:File HRef="image050.png"/>
 <o:File HRef="image051.png"/>
 <o:File HRef="image052.png"/>
 <o:File HRef="image053.png"/>
 <o:File HRef="image054.png"/>
 <o:File HRef="image055.png"/>
 <o:File HRef="image056.png"/>
 <o:File HRef="image057.png"/>
 <o:File HRef="image058.png"/>
 <o:File HRef="image059.png"/>
 <o:File HRef="image060.png"/>
 <o:File HRef="image061.png"/>
 <o:File HRef="image062.png"/>
 <o:File HRef="image063.png"/>
 <o:File HRef="image064.png"/>
 <o:File HRef="image065.png"/>
 <o:File HRef="image066.png"/>
 <o:File HRef="image067.png"/>
 <o:File HRef="image068.png"/>
 <o:File HRef="image069.png"/>
 <o:File HRef="image070.png"/>
 <o:File HRef="image071.png"/>
 <o:File HRef="image072.png"/>
 <o:File HRef="image073.png"/>
 <o:File HRef="image074.png"/>
 <o:File HRef="image075.png"/>
 <o:File HRef="image076.png"/>
 <o:File HRef="image077.png"/>
 <o:File HRef="image078.png"/>
 <o:File HRef="image079.png"/>
 <o:File HRef="image080.png"/>
 <o:File HRef="image081.png"/>
 <o:File HRef="image082.png"/>
 <o:File HRef="image083.png"/>
 <o:File HRef="image084.png"/>
 <o:File HRef="image085.png"/>
 <o:File HRef="image086.png"/>
 <o:File HRef="image087.png"/>
 <o:File HRef="image088.png"/>
 <o:File HRef="image089.png"/>
 <o:File HRef="image090.png"/>
 <o:File HRef="image091.png"/>
 <o:File HRef="image092.png"/>
 <o:File HRef="image093.png"/>
 <o:File HRef="image094.png"/>
 <o:File HRef="image095.png"/>
 <o:File HRef="image096.png"/>
 <o:File HRef="image097.png"/>
 <o:File HRef="image098.png"/>
 <o:File HRef="image099.png"/>
 <o:File HRef="image100.png"/>
 <o:File HRef="image101.png"/>
 <o:File HRef="image102.png"/>
 <o:File HRef="image103.png"/>
 <o:File HRef="image104.png"/>
 <o:File HRef="image105.png"/>
 <o:File HRef="image106.png"/>
 <o:File HRef="image107.png"/>
 <o:File HRef="image108.png"/>
 <o:File HRef="image109.png"/>
 <o:File HRef="image110.png"/>
 <o:File HRef="image111.png"/>
 <o:File HRef="image112.png"/>
 <o:File HRef="image113.png"/>
 <o:File HRef="image114.png"/>
 <o:File HRef="image115.png"/>
 <o:File HRef="image116.png"/>
 <o:File HRef="image117.png"/>
 <o:File HRef="image118.png"/>
 <o:File HRef="image119.png"/>
 <o:File HRef="image120.png"/>
 <o:File HRef="image121.png"/>
 <o:File HRef="image122.png"/>
 <o:File HRef="image123.png"/>
 <o:File HRef="image124.png"/>
 <o:File HRef="image125.png"/>
 <o:File HRef="image126.png"/>
 <o:File HRef="image127.png"/>
 <o:File HRef="image128.png"/>
 <o:File HRef="image129.png"/>
 <o:File HRef="image130.png"/>
 <o:File HRef="image131.png"/>
 <o:File HRef="image132.png"/>
 <o:File HRef="image133.png"/>
 <o:File HRef="image134.png"/>
 <o:File HRef="image135.png"/>
 <o:File HRef="image136.png"/>
 <o:File HRef="image137.png"/>
 <o:File HRef="image138.png"/>
 <o:File HRef="image139.png"/>
 <o:File HRef="image140.png"/>
 <o:File HRef="image141.png"/>
 <o:File HRef="image142.png"/>
 <o:File HRef="image143.png"/>
 <o:File HRef="image144.png"/>
 <o:File HRef="image145.png"/>
 <o:File HRef="image146.png"/>
 <o:File HRef="image147.png"/>
 <o:File HRef="image148.png"/>
 <o:File HRef="image149.png"/>
 <o:File HRef="image150.png"/>
 <o:File HRef="image151.png"/>
 <o:File HRef="image152.png"/>
 <o:File HRef="image153.png"/>
 <o:File HRef="image154.png"/>
 <o:File HRef="image155.png"/>
 <o:File HRef="image156.png"/>
 <o:File HRef="image157.png"/>
 <o:File HRef="image158.png"/>
 <o:File HRef="image159.png"/>
 <o:File HRef="image160.png"/>
 <o:File HRef="image161.png"/>
 <o:File HRef="image162.png"/>
 <o:File HRef="image163.png"/>
 <o:File HRef="image164.png"/>
 <o:File HRef="image165.png"/>
 <o:File HRef="image166.png"/>
 <o:File HRef="image167.png"/>
 <o:File HRef="image168.png"/>
 <o:File HRef="image169.png"/>
 <o:File HRef="image170.png"/>
 <o:File HRef="image171.png"/>
 <o:File HRef="image172.png"/>
 <o:File HRef="image173.png"/>
 <o:File HRef="image174.png"/>
 <o:File HRef="image175.png"/>
 <o:File HRef="image176.png"/>
 <o:File HRef="image177.png"/>
 <o:File HRef="image178.png"/>
 <o:File HRef="image179.png"/>
 <o:File HRef="image180.png"/>
 <o:File HRef="image181.png"/>
 <o:File HRef="image182.png"/>
 <o:File HRef="image183.png"/>
 <o:File HRef="image184.png"/>
 <o:File HRef="image185.png"/>
 <o:File HRef="image186.png"/>
 <o:File HRef="image187.png"/>
 <o:File HRef="image188.png"/>
 <o:File HRef="image189.png"/>
 <o:File HRef="image190.png"/>
 <o:File HRef="image191.png"/>
 <o:File HRef="image192.png"/>
 <o:File HRef="image193.png"/>
 <o:File HRef="image194.png"/>
 <o:File HRef="image195.png"/>
 <o:File HRef="image196.png"/>
 <o:File HRef="image197.png"/>
 <o:File HRef="image198.png"/>
 <o:File HRef="image199.png"/>
 <o:File HRef="image200.png"/>
 <o:File HRef="image201.png"/>
 <o:File HRef="image202.png"/>
 <o:File HRef="image203.png"/>
 <o:File HRef="image204.png"/>
 <o:File HRef="image205.png"/>
 <o:File HRef="image206.png"/>
 <o:File HRef="image207.png"/>
 <o:File HRef="image208.png"/>
 <o:File HRef="image209.png"/>
 <o:File HRef="image210.png"/>
 <o:File HRef="image211.png"/>
 <o:File HRef="image212.png"/>
 <o:File HRef="image213.png"/>
 <o:File HRef="image214.png"/>
 <o:File HRef="image215.png"/>
 <o:File HRef="image216.png"/>
 <o:File HRef="image217.png"/>
 <o:File HRef="image218.png"/>
 <o:File HRef="image219.png"/>
 <o:File HRef="image220.png"/>
 <o:File HRef="image221.png"/>
 <o:File HRef="image222.png"/>
 <o:File HRef="image223.png"/>
 <o:File HRef="image224.png"/>
 <o:File HRef="image225.png"/>
 <o:File HRef="image226.png"/>
 <o:File HRef="image227.png"/>
 <o:File HRef="image228.png"/>
 <o:File HRef="image229.png"/>
 <o:File HRef="image230.png"/>
 <o:File HRef="image231.png"/>
 <o:File HRef="image232.png"/>
 <o:File HRef="image233.png"/>
 <o:File HRef="image234.png"/>
 <o:File HRef="image235.png"/>
 <o:File HRef="image236.png"/>
 <o:File HRef="image237.png"/>
 <o:File HRef="image238.png"/>
 <o:File HRef="image239.png"/>
 <o:File HRef="image240.png"/>
 <o:File HRef="image241.png"/>
 <o:File HRef="image242.png"/>
 <o:File HRef="image243.png"/>
 <o:File HRef="image244.png"/>
 <o:File HRef="image245.png"/>
 <o:File HRef="image246.png"/>
 <o:File HRef="image247.png"/>
 <o:File HRef="image248.png"/>
 <o:File HRef="image249.png"/>
 <o:File HRef="image250.png"/>
 <o:File HRef="image251.png"/>
 <o:File HRef="image252.png"/>
 <o:File HRef="image253.png"/>
 <o:File HRef="image254.png"/>
 <o:File HRef="image255.png"/>
 <o:File HRef="image256.png"/>
 <o:File HRef="image257.png"/>
 <o:File HRef="image258.png"/>
 <o:File HRef="image259.png"/>
 <o:File HRef="image260.png"/>
 <o:File HRef="image261.png"/>
 <o:File HRef="image262.png"/>
 <o:File HRef="image263.png"/>
 <o:File HRef="image264.png"/>
 <o:File HRef="image265.png"/>
 <o:File HRef="image266.png"/>
 <o:File HRef="image267.png"/>
 <o:File HRef="image268.png"/>
 <o:File HRef="image269.png"/>
 <o:File HRef="image270.png"/>
 <o:File HRef="image271.png"/>
 <o:File HRef="image272.png"/>
 <o:File HRef="image273.png"/>
 <o:File HRef="image274.png"/>
 <o:File HRef="image275.png"/>
 <o:File HRef="image276.png"/>
 <o:File HRef="image277.png"/>
 <o:File HRef="image278.png"/>
 <o:File HRef="image279.png"/>
 <o:File HRef="image280.png"/>
 <o:File HRef="image281.png"/>
 <o:File HRef="image282.png"/>
 <o:File HRef="image283.png"/>
 <o:File HRef="image284.png"/>
 <o:File HRef="image285.png"/>
 <o:File HRef="image286.png"/>
 <o:File HRef="image287.png"/>
 <o:File HRef="image288.png"/>
 <o:File HRef="image289.png"/>
 <o:File HRef="image290.png"/>
 <o:File HRef="image291.png"/>
 <o:File HRef="image292.png"/>
 <o:File HRef="image293.png"/>
 <o:File HRef="image294.png"/>
 <o:File HRef="image295.png"/>
 <o:File HRef="image296.png"/>
 <o:File HRef="image297.png"/>
 <o:File HRef="image298.png"/>
 <o:File HRef="image299.png"/>
 <o:File HRef="image300.png"/>
 <o:File HRef="image301.png"/>
 <o:File HRef="image302.png"/>
 <o:File HRef="image303.png"/>
 <o:File HRef="image304.png"/>
 <o:File HRef="image305.png"/>
 <o:File HRef="image306.png"/>
 <o:File HRef="image307.png"/>
 <o:File HRef="image308.png"/>
 <o:File HRef="image309.png"/>
 <o:File HRef="image310.png"/>
 <o:File HRef="image311.png"/>
 <o:File HRef="image312.png"/>
 <o:File HRef="image313.png"/>
 <o:File HRef="image314.png"/>
 <o:File HRef="image315.png"/>
 <o:File HRef="image316.png"/>
 <o:File HRef="image317.png"/>
 <o:File HRef="image318.png"/>
 <o:File HRef="image319.png"/>
 <o:File HRef="image320.png"/>
 <o:File HRef="image321.png"/>
 <o:File HRef="image322.png"/>
 <o:File HRef="image323.png"/>
 <o:File HRef="image324.png"/>
 <o:File HRef="image325.png"/>
 <o:File HRef="image326.png"/>
 <o:File HRef="image327.png"/>
 <o:File HRef="image328.png"/>
 <o:File HRef="image329.png"/>
 <o:File HRef="image330.png"/>
 <o:File HRef="image331.png"/>
 <o:File HRef="image332.png"/>
 <o:File HRef="image333.png"/>
 <o:File HRef="image334.png"/>
 <o:File HRef="image335.png"/>
 <o:File HRef="image336.png"/>
 <o:File HRef="image337.png"/>
 <o:File HRef="image338.png"/>
 <o:File HRef="image339.png"/>
 <o:File HRef="image340.png"/>
 <o:File HRef="image341.png"/>
 <o:File HRef="image342.png"/>
 <o:File HRef="image343.png"/>
 <o:File HRef="image344.png"/>
 <o:File HRef="image345.png"/>
 <o:File HRef="image346.png"/>
 <o:File HRef="image347.png"/>
 <o:File HRef="image348.png"/>
 <o:File HRef="image349.png"/>
 <o:File HRef="image350.png"/>
 <o:File HRef="image351.png"/>
 <o:File HRef="image352.png"/>
 <o:File HRef="image353.png"/>
 <o:File HRef="image354.png"/>
 <o:File HRef="image355.png"/>
 <o:File HRef="image356.png"/>
 <o:File HRef="image357.png"/>
 <o:File HRef="image358.png"/>
 <o:File HRef="image359.png"/>
 <o:File HRef="image360.png"/>
 <o:File HRef="image361.png"/>
 <o:File HRef="image362.png"/>
 <o:File HRef="image363.png"/>
 <o:File HRef="image364.png"/>
 <o:File HRef="image365.png"/>
 <o:File HRef="image366.png"/>
 <o:File HRef="image367.png"/>
 <o:File HRef="image368.png"/>
 <o:File HRef="image369.png"/>
 <o:File HRef="image370.png"/>
 <o:File HRef="image371.png"/>
 <o:File HRef="image372.png"/>
 <o:File HRef="image373.png"/>
 <o:File HRef="image374.png"/>
 <o:File HRef="image375.png"/>
 <o:File HRef="image376.png"/>
 <o:File HRef="image377.png"/>
 <o:File HRef="image378.png"/>
 <o:File HRef="image379.png"/>
 <o:File HRef="image380.png"/>
 <o:File HRef="image381.png"/>
 <o:File HRef="image382.png"/>
 <o:File HRef="image383.png"/>
 <o:File HRef="image384.png"/>
 <o:File HRef="image385.png"/>
 <o:File HRef="image386.png"/>
 <o:File HRef="image387.png"/>
 <o:File HRef="image388.png"/>
 <o:File HRef="image389.png"/>
 <o:File HRef="image390.png"/>
 <o:File HRef="image391.png"/>
 <o:File HRef="image392.png"/>
 <o:File HRef="image393.png"/>
 <o:File HRef="image394.png"/>
 <o:File HRef="image395.png"/>
 <o:File HRef="image396.png"/>
 <o:File HRef="image397.png"/>
 <o:File HRef="image398.png"/>
 <o:File HRef="image399.png"/>
 <o:File HRef="image400.png"/>
 <o:File HRef="image401.png"/>
 <o:File HRef="image402.png"/>
 <o:File HRef="image403.png"/>
 <o:File HRef="image404.png"/>
 <o:File HRef="image405.png"/>
 <o:File HRef="image406.png"/>
 <o:File HRef="image407.png"/>
 <o:File HRef="image408.png"/>
 <o:File HRef="image409.png"/>
 <o:File HRef="image410.png"/>
 <o:File HRef="image411.png"/>
 <o:File HRef="image412.png"/>
 <o:File HRef="image413.png"/>
 <o:File HRef="image414.png"/>
 <o:File HRef="image415.png"/>
 <o:File HRef="image416.png"/>
 <o:File HRef="image417.png"/>
 <o:File HRef="image418.png"/>
 <o:File HRef="image419.png"/>
 <o:File HRef="image420.png"/>
 <o:File HRef="image421.png"/>
 <o:File HRef="image422.png"/>
 <o:File HRef="image423.png"/>
 <o:File HRef="image424.png"/>
 <o:File HRef="image425.png"/>
 <o:File HRef="image426.png"/>
 <o:File HRef="image427.png"/>
 <o:File HRef="image428.png"/>
 <o:File HRef="image429.png"/>
 <o:File HRef="image430.png"/>
 <o:File HRef="image431.png"/>
 <o:File HRef="image432.png"/>
 <o:File HRef="image433.png"/>
 <o:File HRef="image434.png"/>
 <o:File HRef="image435.png"/>
 <o:File HRef="image436.png"/>
 <o:File HRef="image437.png"/>
 <o:File HRef="image438.png"/>
 <o:File HRef="image439.png"/>
 <o:File HRef="image440.png"/>
 <o:File HRef="image441.png"/>
 <o:File HRef="image442.png"/>
 <o:File HRef="image443.png"/>
 <o:File HRef="image444.png"/>
 <o:File HRef="image445.png"/>
 <o:File HRef="image446.png"/>
 <o:File HRef="image447.png"/>
 <o:File HRef="image448.png"/>
 <o:File HRef="image449.png"/>
 <o:File HRef="image450.png"/>
 <o:File HRef="image451.png"/>
 <o:File HRef="image452.png"/>
 <o:File HRef="image453.png"/>
 <o:File HRef="image454.png"/>
 <o:File HRef="image455.png"/>
 <o:File HRef="image456.png"/>
 <o:File HRef="image457.png"/>
 <o:File HRef="image458.png"/>
 <o:File HRef="image459.png"/>
 <o:File HRef="image460.png"/>
 <o:File HRef="image461.png"/>
 <o:File HRef="image462.png"/>
 <o:File HRef="image463.png"/>
 <o:File HRef="image464.png"/>
 <o:File HRef="image465.png"/>
 <o:File HRef="image466.png"/>
 <o:File HRef="image467.png"/>
 <o:File HRef="image468.png"/>
 <o:File HRef="image469.png"/>
 <o:File HRef="image470.png"/>
 <o:File HRef="image471.png"/>
 <o:File HRef="image472.png"/>
 <o:File HRef="image473.png"/>
 <o:File HRef="image474.png"/>
 <o:File HRef="image475.png"/>
 <o:File HRef="image476.png"/>
 <o:File HRef="image477.png"/>
 <o:File HRef="image478.png"/>
 <o:File HRef="image479.png"/>
 <o:File HRef="image480.png"/>
 <o:File HRef="image481.png"/>
 <o:File HRef="image482.png"/>
 <o:File HRef="image483.png"/>
 <o:File HRef="image484.png"/>
 <o:File HRef="image485.png"/>
 <o:File HRef="image486.png"/>
 <o:File HRef="image487.png"/>
 <o:File HRef="image488.png"/>
 <o:File HRef="image489.png"/>
 <o:File HRef="image490.png"/>
 <o:File HRef="image491.png"/>
 <o:File HRef="image492.png"/>
 <o:File HRef="image493.png"/>
 <o:File HRef="image494.png"/>
 <o:File HRef="image495.png"/>
 <o:File HRef="image496.png"/>
 <o:File HRef="image497.png"/>
 <o:File HRef="image498.png"/>
 <o:File HRef="image499.png"/>
 <o:File HRef="image500.png"/>
 <o:File HRef="image501.png"/>
 <o:File HRef="image502.png"/>
 <o:File HRef="image503.png"/>
 <o:File HRef="image504.png"/>
 <o:File HRef="image505.png"/>
 <o:File HRef="image506.png"/>
 <o:File HRef="image507.png"/>
 <o:File HRef="image508.png"/>
 <o:File HRef="image509.png"/>
 <o:File HRef="image510.png"/>
 <o:File HRef="image511.png"/>
 <o:File HRef="image512.png"/>
 <o:File HRef="image513.png"/>
 <o:File HRef="image514.png"/>
 <o:File HRef="image515.png"/>
 <o:File HRef="image516.png"/>
 <o:File HRef="image517.png"/>
 <o:File HRef="image518.png"/>
 <o:File HRef="image519.png"/>
 <o:File HRef="image520.png"/>
 <o:File HRef="image521.png"/>
 <o:File HRef="image522.png"/>
 <o:File HRef="image523.png"/>
 <o:File HRef="image524.png"/>
 <o:File HRef="image525.png"/>
 <o:File HRef="image526.png"/>
 <o:File HRef="image527.png"/>
 <o:File HRef="image528.png"/>
 <o:File HRef="image529.png"/>
 <o:File HRef="image530.png"/>
 <o:File HRef="image531.png"/>
 <o:File HRef="image532.png"/>
 <o:File HRef="image533.png"/>
 <o:File HRef="image534.png"/>
 <o:File HRef="image535.png"/>
 <o:File HRef="image536.png"/>
 <o:File HRef="image537.png"/>
 <o:File HRef="image538.png"/>
 <o:File HRef="image539.png"/>
 <o:File HRef="image540.png"/>
 <o:File HRef="image541.png"/>
 <o:File HRef="image542.png"/>
 <o:File HRef="image543.png"/>
 <o:File HRef="image544.png"/>
 <o:File HRef="image545.png"/>
 <o:File HRef="image546.png"/>
 <o:File HRef="image547.png"/>
 <o:File HRef="image548.png"/>
 <o:File HRef="image549.png"/>
 <o:File HRef="image550.png"/>
 <o:File HRef="image551.png"/>
 <o:File HRef="image552.png"/>
 <o:File HRef="image553.png"/>
 <o:File HRef="image554.png"/>
 <o:File HRef="image555.jpg"/>
 <o:File HRef="image556.png"/>
 <o:File HRef="image557.png"/>
 <o:File HRef="image558.png"/>
 <o:File HRef="image559.png"/>
 <o:File HRef="image560.png"/>
 <o:File HRef="image561.jpg"/>
 <o:File HRef="image562.png"/>
 <o:File HRef="image563.png"/>
 <o:File HRef="image564.png"/>
 <o:File HRef="image565.jpg"/>
 <o:File HRef="image566.png"/>
 <o:File HRef="image567.jpg"/>
 <o:File HRef="image568.png"/>
 <o:File HRef="image569.jpg"/>
 <o:File HRef="image570.png"/>
 <o:File HRef="image571.jpg"/>
 <o:File HRef="image572.jpg"/>
 <o:File HRef="image573.jpg"/>
 <o:File HRef="image574.jpg"/>
 <o:File HRef="image575.jpg"/>
 <o:File HRef="image576.png"/>
 <o:File HRef="image577.jpg"/>
 <o:File HRef="image578.png"/>
 <o:File HRef="image579.jpg"/>
 <o:File HRef="image580.png"/>
 <o:File HRef="image581.jpg"/>
 <o:File HRef="image582.jpg"/>
 <o:File HRef="image583.jpg"/>
 <o:File HRef="image584.jpg"/>
 <o:File HRef="image585.jpg"/>
 <o:File HRef="image586.jpg"/>
 <o:File HRef="image587.jpg"/>
 <o:File HRef="image588.jpg"/>
 <o:File HRef="image589.jpg"/>
 <o:File HRef="image590.jpg"/>
 <o:File HRef="image591.jpg"/>
 <o:File HRef="image592.png"/>
 <o:File HRef="image593.jpg"/>
 <o:File HRef="image594.png"/>
 <o:File HRef="image595.png"/>
 <o:File HRef="image596.png"/>
 <o:File HRef="image597.jpg"/>
 <o:File HRef="image598.png"/>
 <o:File HRef="image599.jpg"/>
 <o:File HRef="image600.jpg"/>
 <o:File HRef="image601.png"/>
 <o:File HRef="image602.jpg"/>
 <o:File HRef="image603.jpg"/>
 <o:File HRef="image604.png"/>
 <o:File HRef="image605.jpg"/>
 <o:File HRef="image606.png"/>
 <o:File HRef="image607.jpg"/>
 <o:File HRef="image608.png"/>
 <o:File HRef="image609.jpg"/>
 <o:File HRef="image610.png"/>
 <o:File HRef="image611.jpg"/>
 <o:File HRef="image612.png"/>
 <o:File HRef="image613.jpg"/>
 <o:File HRef="image614.jpg"/>
 <o:File HRef="image615.png"/>
 <o:File HRef="image616.jpg"/>
 <o:File HRef="image617.png"/>
 <o:File HRef="image618.jpg"/>
 <o:File HRef="image619.png"/>
 <o:File HRef="image620.jpg"/>
 <o:File HRef="image621.png"/>
 <o:File HRef="image622.jpg"/>
 <o:File HRef="image623.png"/>
 <o:File HRef="image624.jpg"/>
 <o:File HRef="image625.png"/>
 <o:File HRef="image626.jpg"/>
 <o:File HRef="image627.png"/>
 <o:File HRef="image628.jpg"/>
 <o:File HRef="image629.png"/>
 <o:File HRef="image630.png"/>
 <o:File HRef="image631.png"/>
 <o:File HRef="image632.png"/>
 <o:File HRef="image633.jpg"/>
 <o:File HRef="image634.png"/>
 <o:File HRef="image635.jpg"/>
 <o:File HRef="image636.png"/>
 <o:File HRef="image637.jpg"/>
 <o:File HRef="image638.png"/>
 <o:File HRef="image639.jpg"/>
 <o:File HRef="image640.png"/>
 <o:File HRef="image641.jpg"/>
 <o:File HRef="image642.png"/>
 <o:File HRef="image643.jpg"/>
 <o:File HRef="image644.png"/>
 <o:File HRef="image645.jpg"/>
 <o:File HRef="image646.png"/>
 <o:File HRef="image647.png"/>
 <o:File HRef="image648.png"/>
 <o:File HRef="image649.png"/>
 <o:File HRef="image650.png"/>
 <o:File HRef="image651.jpg"/>
 <o:File HRef="header.htm"/>
 <o:File HRef="filelist.xml"/>
</xml>